MoleculeId,PredictedProbability
1,0.7550723186742526
2,0.8837019950083608
3,0.5577938830234919
4,0.9128550854128571
5,0.21989307296702454
6,0.48462542720437457
7,0.9094629264513636
8,0.6792605172635683
9,0.8861100932496164
10,0.6294056748947496
11,0.2165144454799627
12,0.6841673267512715
13,0.8511310867460553
14,0.6591623036649215
15,0.36655034620920374
16,0.2087627896671341
17,0.20251035036221082
18,0.16227267026638334
19,0.4888857773133635
20,0.7433287983713117
21,0.22435649398784388
22,0.8670568895356671
23,0.8855017527300091
24,0.9143745207323503
25,0.7987931831383207
26,0.5743540229329405
27,0.2218288505854474
28,0.21964997582322104
29,0.25539808344542086
30,0.4967359485292571
31,0.43300252255875576
32,0.08899523601698055
33,0.5534796346875978
34,0.3291378742333718
35,0.4283648390298749
36,0.9632619253573168
37,0.7952692117873481
38,0.6930492886178863
39,0.896196740844223
40,0.8976865452247172
41,0.42418732303732304
42,0.08602692192618017
43,0.6593354782455162
44,0.816217588233797
45,0.07903169642062877
46,0.43243344093018415
47,0.9131133666469458
48,0.5000437544291804
49,0.8798125847475964
50,0.6743553360648841
51,0.8171677215189874
52,0.12150856397301196
53,0.8053526845911734
54,0.17729276599285995
55,0.16033043382530876
56,0.8009122594803402
57,0.9636958222488073
58,0.8939750225262127
59,0.9388602170058752
60,0.7288638258293432
61,0.7943219332316392
62,0.8351664800705331
63,0.33335013103838695
64,0.06437777603278699
65,0.5170348202600746
66,0.5057564112387674
67,0.3383919191919192
68,0.3387416593162854
69,0.3169321582758187
70,0.4169554833820773
71,0.8211165546772237
72,0.7959693220287971
73,0.8630592938772242
74,0.8261164632656954
75,0.17456213704994192
76,0.3286412283467367
77,0.8480549713289498
78,0.6022442375397388
79,0.9055063855716067
80,0.2913695666768728
81,0.3371282051282051
82,0.30265852588416675
83,0.10042767468481595
84,0.16518991923024184
85,0.7084495891992623
86,0.5964981156297883
87,0.37762661558080607
88,0.7956019569997281
89,0.9146399699761301
90,0.600199739628057
91,0.6521647755163973
92,0.6696250670114712
93,0.2660375489783155
94,0.1742646243361934
95,0.5730151515151515
96,0.22073339369362505
97,0.48182391794572754
98,0.7991623036649215
99,0.9154966280511165
100,0.9120887294133249
101,0.5854090594476807
102,0.9199076274257422
103,0.7022716672753815
104,0.34504091868590264
105,0.2367547206491865
106,0.17956451505937474
107,0.5735850896534007
108,0.5447021364192287
109,0.8190226110336173
110,0.0034791965566714493
111,0.5528907357523023
112,0.7167071549550207
113,0.2932950382950383
114,0.8448267590210286
115,0.7516731131739934
116,0.11438672978631992
117,0.7971045504846092
118,0.27935282462291977
119,0.4348776603259612
120,0.3158414464745417
121,0.2896135875542172
122,0.195306826020147
123,0.8505725654880876
124,0.3312904172867262
125,0.4328960377129799
126,0.25947270412729734
127,0.5279693775366928
128,0.48300876003167054
129,0.305417103661793
130,0.17349569739717566
131,0.039286554842352925
132,0.3611942825491807
133,0.0689797910628331
134,0.9139777521635877
135,0.5755151515151514
136,0.8756417238098334
137,0.12721167972070904
138,0.6583287998568452
139,0.75782930149979
140,0.871620192005207
141,0.8164386854714423
142,0.8659273546773096
143,0.7997071302001934
144,0.320810093309293
145,0.7999976689146923
146,0.1628610059579113
147,0.7445334706022716
148,0.8229337417169035
149,0.6440379264211709
150,0.40733346761836153
151,0.10018014893715291
152,0.6194986520002099
153,0.4611898917203731
154,0.9715446803229554
155,0.962341296235843
156,0.6131531542202334
157,0.7649675091150995
158,0.9589434696285569
159,0.6305700367318835
160,0.1298701195758572
161,0.48754628567448044
162,0.028097803447889688
163,0.16127179008399523
164,0.9437599169882377
165,0.9490597100091795
166,0.4985837075872098
167,0.5861020389868892
168,0.7218239872385255
169,0.4174216272553497
170,0.8967713551526495
171,0.9135803746465578
172,0.8138672122645753
173,0.4844928506474438
174,0.7212161051903249
175,0.20007616056388908
176,0.7728159781125225
177,0.3376476609403183
178,0.2984700425922147
179,0.6186652616789603
180,0.13467780558809955
181,0.2853197692544176
182,0.7908467713770625
183,0.6774318181818181
184,0.20964532275291795
185,0.8620096237591661
186,0.5573136974624106
187,0.9877724633851841
188,0.4120840732967121
189,0.9749867824928178
190,0.5013793103448276
191,0.23195311535170066
192,0.49917808219178084
193,0.2653818603083828
194,0.4982337389054713
195,0.8840116499516263
196,0.3581672880848778
197,0.9453145092942244
198,0.561968640208256
199,0.6072175283426232
200,0.35748764061297955
201,0.9123975440514032
202,0.1924630405980169
203,0.3196028575167251
204,0.2023403138266055
205,0.8914474278856168
206,0.7054694638694639
207,0.5126551927037365
208,0.8656063696694777
209,0.5153550047042293
210,0.37965920577998596
211,0.7965641606624455
212,0.8629203536547239
213,0.8713240683672396
214,0.06448887697668186
215,0.6150501977477307
216,0.8322908740005514
217,0.6532029501927381
218,0.5201678302125032
219,0.4592740471869328
220,0.23442524509585586
221,0.7284854021951531
222,0.3985366652555669
223,0.23924242767155135
224,0.9722657221592254
225,0.4061208785565153
226,0.4225425101214575
227,0.2969070756744748
228,0.8764304981584068
229,0.3074104503329018
230,0.5107157397593992
231,0.5699265606813326
232,0.9727673381974131
233,0.787359007816248
234,0.4301374711260706
235,0.8231623097681464
236,0.7335700196425015
237,0.6047759589542049
238,0.16589075930981292
239,0.7933675781639411
240,0.7473932292199976
241,0.24608369336657177
242,0.027206153437448713
243,0.7382487792447955
244,0.6190476190476191
245,0.65225
246,0.8340450621970702
247,0.281242684464449
248,0.30146480013836824
249,0.8869449084365201
250,0.20275435083293594
251,0.5544399512143346
252,0.4561232960059285
253,0.5192562209461308
254,0.5665524469574499
255,0.96973836247372
256,0.5695209362370466
257,0.1970764489866141
258,0.4778992918961448
259,0.5917678485674914
260,0.10550431149435341
261,0.4060609756097561
262,0.2231125929784227
263,0.1934494436381229
264,0.5532882966165426
265,0.22356897418190674
266,0.7647036858313924
267,0.7525671191275651
268,0.15935723195339824
269,0.5865725553299554
270,0.8998936387195932
271,0.963271800663105
272,0.8727356107212206
273,0.7181913721927665
274,0.328367481503509
275,0.3597377408190262
276,0.16719748228384057
277,0.7973213962945457
278,0.5526945040616146
279,0.6978547716173782
280,0.56408818747011
281,0.1472151003193438
282,0.9095414862368645
283,0.6180576744562312
284,0.026980891591976967
285,0.7479846140491685
286,0.9781274768803105
287,0.9601916514176925
288,0.6728024275043387
289,0.7804260033198522
290,0.215316535082697
291,0.35338829241200903
292,0.37901654762404435
293,0.43013818832887857
294,0.7232044914848301
295,0.024787379469444995
296,0.23946969696969694
297,0.024215383226468604
298,0.4799818684359796
299,0.7531648048494778
300,0.6797883597883597
301,0.8422845352226944
302,0.3552817273328429
303,0.7283050232288037
304,0.8488728659794341
305,0.8549503516823301
306,0.7969516803467626
307,0.5882857142857143
308,0.8691352578783195
309,0.5734453862531637
310,0.793150411388757
311,0.8723818121641206
312,0.645494094073328
313,0.6275508177860695
314,0.08132432139842596
315,0.7500412797105891
316,0.3656731772339842
317,0.879979376839062
318,0.25615477708600753
319,0.3551025903169719
320,0.1504027390281962
321,0.4001521308843477
322,0.664792306361764
323,0.9056326747494541
324,0.26273637710373987
325,0.2685787893635072
326,0.8784068516981938
327,0.9609942928186159
328,0.9320617082458281
329,0.5082972336314916
330,0.8259008985735415
331,0.6279438568916587
332,0.7257696960939444
333,0.38
334,0.45606739440445404
335,0.6972842041046377
336,0.7000460919006603
337,0.8553055789126632
338,0.14315858478033616
339,0.1310534891622436
340,0.9931602421738848
341,0.9278636635544388
342,0.8079792532700347
343,0.14449586055002336
344,0.3553159230095021
345,0.7772280383024905
346,0.8293897434975963
347,0.2277871569526895
348,0.4204200192154156
349,0.2727308846736116
350,0.6913753215002479
351,0.3744538242191855
352,0.7335030008578761
353,0.7796525391610964
354,0.33395260674500477
355,0.7546615332153809
356,0.40280701754385967
357,0.7060635952174735
358,0.2799062714411012
359,0.2404052448145536
360,0.9087099906629318
361,0.6195137840210123
362,0.647021880258492
363,0.8918204579362693
364,0.5565895449190427
365,0.7125224510186429
366,0.9228572527318464
367,0.6559672228737792
368,0.4026606545057047
369,0.11331263156008886
370,0.31298243876669424
371,0.6875500622874244
372,0.16359439911162071
373,0.517843596393306
374,0.14783364721166442
375,0.7156117770873479
376,0.9173055662630039
377,0.4908811399690778
378,0.5252252165233909
379,0.94207073069619
380,0.16638271604249802
381,0.9397119206493995
382,0.867384270494384
383,0.934012003985535
384,0.2885639373833844
385,0.944624799874626
386,0.5673575198183406
387,0.2452493903480304
388,0.20875981417046025
389,0.040673617575568116
390,0.9103882686514266
391,0.7342006472491909
392,0.4367035324267907
393,0.6980909090909091
394,0.5605861170338783
395,0.962341296235843
396,0.2054127725138729
397,0.43858320352592833
398,0.08890969362129067
399,0.6002613676616823
400,0.9396126663130114
401,0.8803742492094274
402,0.699354874428034
403,0.18083425568191697
404,0.9805039529458945
405,0.4399902214907589
406,0.3231482525262985
407,0.9402198247188085
408,0.6082513940818356
409,0.30866342467052216
410,0.35648850441157726
411,0.7405562041193707
412,0.9712280856438252
413,0.7763022082878953
414,0.31150604531746134
415,0.7153854961861928
416,0.8324338894678298
417,0.3745500988177962
418,0.5521746868193618
419,0.47880464775026743
420,0.37431479466690293
421,0.20873818158599725
422,0.5125635606225775
423,0.6791171239220888
424,0.5792410002278423
425,0.8709205832920204
426,0.21640865496349693
427,0.720544413226591
428,0.7061944286781571
429,0.673027526527363
430,0.36479624063201915
431,0.6399131629700682
432,0.6173737578799653
433,0.4779346641357538
434,0.3308436298276016
435,0.34
436,0.08988103974785744
437,0.3806578437005598
438,0.5370706435566907
439,0.12914070703979635
440,0.19838175870541166
441,0.7519053549190535
442,0.8272382408805588
443,0.9335936605742332
444,0.035703657876933796
445,0.9151268666585017
446,0.9085148211628902
447,0.37710863217345136
448,0.04606075922572879
449,0.10052684639953252
450,0.8445136357271633
451,0.4869980974948001
452,0.8073391759258935
453,0.4748225819271471
454,0.7913525546370502
455,0.690789129291713
456,0.678297619047619
457,0.3189449348529143
458,0.6134948659138629
459,0.079971605818078
460,0.4888095238095238
461,0.4696252839227731
462,0.8837346988067546
463,0.8206088233437763
464,0.8429337417169035
465,0.6527849543394353
466,0.40237553936908116
467,0.2604188923644443
468,0.6905877732137785
469,0.5494199281133659
470,0.35558850758978805
471,0.09978007048437801
472,0.9687580906392909
473,0.23005693323821103
474,0.38
475,0.483993997266462
476,0.42845744093478166
477,0.6243861460317075
478,0.27058925421010427
479,0.3878811071920281
480,0.17216427215119293
481,0.14
482,0.3516443384599233
483,0.41080066156254896
484,0.8523368728598827
485,0.3529343433852336
486,0.9156402162050981
487,0.43448604035847943
488,0.5020280901073739
489,0.6057419312279013
490,0.4561821723186156
491,0.0387458006718925
492,0.7693926899240657
493,0.76277360969843
494,0.9801916514176925
495,0.4
496,0.9319420031448794
497,0.4
498,0.2575553331191988
499,0.4256190476190476
500,0.28043343130095
501,0.8470710877314018
502,0.5966623036649215
503,0.5721452374191468
504,0.24127898543739199
505,0.8237820357344975
506,0.6392307692307692
507,0.3454469051381047
508,0.34982292756991257
509,0.5393396226415095
510,0.2776107845550011
511,0.9171656782575909
512,0.7280794351279789
513,0.3046308639992466
514,0.8973659710135283
515,0.8855780066377015
516,0.21169706329706328
517,0.6050556241630709
518,0.037767410367687965
519,0.3410441983676197
520,0.9198088485599744
521,0.6309159244181292
522,0.787438637017246
523,0.8127487049347363
524,0.5512
525,0.5539175437246061
526,0.17398818119015488
527,0.7345848715912254
528,0.6298913528563532
529,0.11997282055664943
530,0.26748758896076186
531,0.6906326055175154
532,0.18128952278505725
533,0.6591716046754944
534,0.14054028789732206
535,0.45986952312043883
536,0.045161729210433404
537,0.946717525251083
538,0.23488514069909416
539,0.8835201623568432
540,0.2643290991118526
541,0.2612602930503003
542,0.13275236944252458
543,0.4345346035326327
544,0.6444405624332987
545,0.7611685450860708
546,0.7934216141232173
547,0.8843592987342213
548,0.46
549,0.8780247267719146
550,0.8075557162960649
551,0.4988769922425822
552,0.35279102246351157
553,0.25033165785908384
554,0.29828844354591255
555,0.011849594107520874
556,0.848113249063405
557,0.36499280891486435
558,0.4944698385253261
559,0.5794402382378026
560,0.9585449160055463
561,0.9869960979704407
562,0.9581562949871498
563,0.4379655838975119
564,0.29475331992853526
565,0.6308832745460152
566,0.3661622286230562
567,0.397194569713641
568,0.7635785736249722
569,0.8619613348481348
570,0.35888888888888887
571,0.5730090639786602
572,0.8518656390400134
573,0.10661743056864185
574,0.6747426738971738
575,0.24591740984918573
576,0.7307895720197496
577,0.8569194180378068
578,0.5986025661428216
579,0.7092257019508759
580,0.2025708522512749
581,0.6571592210767468
582,0.9725503434702069
583,0.09026443039716855
584,0.863991359786588
585,0.6623734410124719
586,0.6852757997378753
587,0.9191954947435751
588,0.3257520007425555
589,0.29519686721036154
590,0.8276899040527889
591,0.6586691210874036
592,0.014127710717674335
593,0.9386254355594126
594,0.9101328824392653
595,0.8026244824016563
596,0.2766769498212491
597,0.16685611771700257
598,0.9490597100091795
599,0.9745541768187548
600,0.4570882573959058
601,0.22143276623314814
602,0.6522290463032671
603,0.7923731365148683
604,0.4969305118900386
605,0.673015697140674
606,0.15604750416554425
607,0.9156357679511251
608,0.3050119655652226
609,0.12884244588821356
610,0.38370828424972614
611,0.5906978451846744
612,0.8870096200019018
613,0.25787076399033076
614,0.7019653422345279
615,0.9270096200019018
616,0.43434637731341946
617,0.4717668740541495
618,0.8966308243727599
619,0.07964528804072532
620,0.6636888725009464
621,0.5674811145288988
622,0.8721732262322207
623,0.41073916316315334
624,0.2618098139412998
625,0.18491477708663165
626,0.9072804308562092
627,0.2756374827527416
628,0.652504777009591
629,0.2287558359593289
630,0.1918990572300634
631,0.26112668957532054
632,0.40629490872848206
633,0.8412525610154643
634,0.5849504937868357
635,0.8462198203971687
636,0.9008380977423661
637,0.9692524082386278
638,0.1
639,0.5875524820925213
640,0.5053100233100234
641,0.2381192717635627
642,0.281554561403594
643,0.20315124609708388
644,0.121072691843839
645,0.2045929823201152
646,0.36
647,0.05125589122681662
648,0.8169926612004551
649,0.6455893041450004
650,0.5847896522185105
651,0.7933082779027827
652,0.18205273855370133
653,0.32675370981490337
654,0.1757208546414801
655,0.41652046986090746
656,0.9252293561854538
657,0.683026267468376
658,0.4327269630386646
659,0.6949996250591002
660,0.2543381794724936
661,0.2746685583815407
662,0.6081082058217838
663,0.28671684680241966
664,0.8154949771500101
665,0.8869016821035669
666,0.20179252454862212
667,0.36849147343470195
668,0.9347683907238374
669,0.447919253226385
670,0.5681350821841454
671,0.3523412350442216
672,0.836281115492093
673,0.564909544341853
674,0.7883538231669899
675,0.9032269720529265
676,0.28750454530695885
677,0.3638153837173889
678,0.3210814432989691
679,0.525672268907563
680,0.054464344272705356
681,0.4351478366050498
682,0.6301005130059122
683,0.2168369715807815
684,0.5882037159240372
685,0.5275833333333333
686,0.20208290686202457
687,0.16147972329049945
688,0.5173622807048702
689,0.1307896751858506
690,0.7060066809713949
691,0.6591272423028326
692,0.6524080105018928
693,0.6105865769243887
694,0.7560779902453021
695,0.35659913997001075
696,0.7141345999723537
697,0.7133996719424721
698,0.5429696456719794
699,0.9624495601231731
700,0.8224076198503711
701,0.36603996155568114
702,0.3231054589512544
703,0.7425112229720378
704,0.664644070012709
705,0.810824885440264
706,0.2839320029563932
707,0.7
708,0.3677358032307776
709,0.84963080737234
710,0.8495937734752385
711,0.15468103053944346
712,0.7599604874789345
713,0.49800771518599957
714,0.5681338248397073
715,0.8364124815381432
716,0.6386734101113603
717,0.49998073171915824
718,0.9437051119042059
719,0.8287154147895798
720,0.4
721,0.8912573811173172
722,0.7164123665897907
723,0.8485227165771976
724,0.41391095254754307
725,0.544291926902614
726,0.05042917573418599
727,0.3848042964761522
728,0.21039386546616218
729,0.1283562301058123
730,0.6225166211993142
731,0.720792835435708
732,0.595115708594121
733,0.8498601719924976
734,0.25236551207764674
735,0.26648600121728544
736,0.2627015862844387
737,0.1358869349527287
738,0.31124866708585874
739,0.9378402895496404
740,0.886589560621685
741,0.7715160573330252
742,0.5221742022948223
743,0.25338118466898957
744,0.8545028568287463
745,0.6477368585524903
746,0.14290082354826844
747,0.4521179245527307
748,0.6
749,0.7720368245516096
750,0.5231455781603469
751,0.26124615975422427
752,0.7262859234343518
753,0.7295812595072506
754,0.7208313531440467
755,0.622798733074128
756,0.45898285923221904
757,0.8448777940015176
758,0.5700288654486195
759,0.9856072090815519
760,0.7325292980078817
761,0.6946972911516756
762,0.5290726865053383
763,0.9487934262049872
764,0.8346601126472095
765,0.6474392476798525
766,0.2592857142857143
767,0.434246379626072
768,0.7983450120247596
769,0.5056894670209767
770,0.7857377630592065
771,0.04006875763976781
772,0.424973195451973
773,0.3603093605855556
774,0.2890218010744056
775,0.8843042224283637
776,0.9687817854230221
777,0.34054283185539935
778,0.5930151515151515
779,0.3629674494219212
780,0.921390773758838
781,0.8454856952914511
782,0.696659970979749
783,0.1687625260774719
784,0.7354547585560244
785,0.08300850618249997
786,0.9457815981214306
787,0.6988875
788,0.3796875
789,0.16683559907834103
790,0.15669309649222504
791,0.27294209973167466
792,0.17601735776048572
793,0.2588093196112064
794,0.2583067963773654
795,0.6509704405146971
796,0.663505875532863
797,0.7811258847619937
798,0.33522649655327996
799,0.5817090961968353
800,0.9832070070838772
801,0.1646267125767861
802,0.6
803,0.6658769451294372
804,0.9358855707429342
805,0.8617602479417757
806,0.39127253340068513
807,0.38464091130670525
808,0.1456130953093181
809,0.2584184196055814
810,0.2663871882659954
811,0.6497773164698322
812,0.5926163835358629
813,0.5719528074665061
814,0.9784672007778557
815,0.2757454841688212
816,0.6592
817,0.16419085661399216
818,0.9103270722841705
819,0.6204579582563062
820,0.8315925738770694
821,0.07289287710825292
822,0.5908320092804181
823,0.012965797461282546
824,0.2922376241666076
825,0.7298933963829084
826,0.872889376552491
827,0.5229624701242607
828,0.8648960925555713
829,0.70896068969311
830,0.9516116546008264
831,0.6464570695549554
832,0.9039060451713767
833,0.27628915662650605
834,0.8273021623134202
835,0.27298290269939485
836,0.7673835666689525
837,0.7798453765533648
838,0.2530150085892563
839,0.7895123949250598
840,0.5524749788238824
841,0.687323354810427
842,0.11606773580765994
843,0.13057153957153955
844,0.40269413269872595
845,0.8999798852627363
846,0.6433720828850147
847,0.8380456716018267
848,0.45805291869766257
849,0.41152049464166884
850,0.36454886629873295
851,0.8107157315967501
852,0.9670249866637189
853,0.9744085793020824
854,0.11161937938607865
855,0.7182501665012179
856,0.5321271212786909
857,0.5051810564293213
858,0.8805576238145103
859,0.17719305593680745
860,0.19669277794948614
861,0.8135717373171434
862,0.8756861141962109
863,0.7874345160275282
864,0.8240878438788505
865,0.33843786892976224
866,0.28083155950799077
867,0.8500444543073398
868,0.6989943714821762
869,0.7945824858048476
870,0.5751763253210447
871,0.33692987726385126
872,0.6471807049730327
873,0.7756702591811896
874,0.4446624975717199
875,0.6807244389895242
876,0.5163677980681498
877,0.4852822107001121
878,0.9111219193925274
879,0.8433068166215838
880,0.354732558267128
881,0.6596503188144085
882,0.5738178944470996
883,0.9136672343534974
884,0.1373167768340083
885,0.14
886,0.25425055194517293
887,0.621619581205599
888,0.8408024710215818
889,0.16884212683530658
890,0.2900447997642245
891,0.39240261008906907
892,0.48122464739988524
893,0.8363874888662487
894,0.4440530391018196
895,0.6939178470656014
896,0.6853841126408281
897,0.7487303189797434
898,0.5680445153521272
899,0.10596881995764726
900,0.8279804691220883
901,0.012373472866911182
902,0.502463602306122
903,0.19862462470301046
904,0.9939734268595827
905,0.9794585206264006
906,0.3296177274593222
907,0.2946447176660294
908,0.6706919481910779
909,0.9933962483148843
910,0.25922860083708205
911,0.3632107843137255
912,0.7262600856002969
913,0.9177544756128235
914,0.35064473298350374
915,0.7930823655823785
916,0.5610357054310101
917,0.21140311008736462
918,0.4892677256322645
919,0.45963990344483513
920,0.11864708375477274
921,0.33525892414907527
922,0.8376090514877279
923,0.14869121916261058
924,0.5598425196850394
925,0.9354501533110569
926,0.64027272219059
927,0.28306552807048985
928,0.16106254268228018
929,0.07112259166517139
930,0.8048239603496594
931,0.18240942573076477
932,0.3208978063913394
933,0.10497213928156786
934,0.8526663077225964
935,0.7025958997615716
936,0.225488374103365
937,0.9129089353582746
938,0.4477032803065579
939,0.9821883226693622
940,0.3536385198506307
941,0.7883486055059754
942,0.29853544713544716
943,0.07209033360065527
944,0.3723903234372436
945,0.5311079786263451
946,0.5742341983866656
947,0.3448809415610416
948,0.7442158782463413
949,0.24237225341643792
950,0.5638028669372901
951,0.8859691987984556
952,0.25394671889790427
953,0.3327895347057968
954,0.16137045305555403
955,0.2935211215032256
956,0.23234488863772704
957,0.810168118373788
958,0.25783237136311604
959,0.2846473513926895
960,0.34695249195249195
961,0.3944642857142857
962,0.8173526358311485
963,0.5378984578406453
964,0.5965121555206366
965,0.08054740708496441
966,0.6303118535434623
967,0.28837429179584967
968,0.6626594842092298
969,0.3599889168167036
970,0.09831156605703152
971,0.31631869080782565
972,0.3720138376857223
973,0.8897685155198972
974,0.9029632357891901
975,0.8002155185706379
976,0.6602258833208776
977,0.9146393328428352
978,0.2599111594508157
979,0.8628571428571428
980,0.3558430466435366
981,0.3387651083035358
982,0.12590327554848987
983,0.8129717599426196
984,0.8998558570161359
985,0.4776541625716735
986,0.13140462397105854
987,0.7141846861568354
988,0.7994213735384017
989,0.14035088191580078
990,0.4792857142857143
991,0.7655397572153904
992,0.23753820388349112
993,0.6295497019502883
994,0.15256672242618735
995,0.2768348939432691
996,0.7660564857327534
997,0.37946969696969696
998,0.3229892446742244
999,0.6962251550443797
1000,0.573456043956044
1001,0.259730786640684
1002,0.7558428313013685
1003,0.9080034997111766
1004,0.4566896807294388
1005,0.7528003494290231
1006,0.21915419929422608
1007,0.8389378987240829
1008,0.928278429747865
1009,0.5754425711275026
1010,0.2540714031573415
1011,0.5883354706537369
1012,0.3194007305299619
1013,0.3017893477480167
1014,0.24257188870734836
1015,0.2616
1016,0.7910561784775839
1017,0.34
1018,0.9091987239335517
1019,0.7884828118044226
1020,0.3785128015774956
1021,0.46756099873577756
1022,0.5641839629319783
1023,0.6185828957609499
1024,0.7777969961782903
1025,0.74781632600563
1026,0.3527685011869208
1027,0.2906476462996708
1028,0.47134340195762475
1029,0.8739383600113072
1030,0.9889573767057119
1031,0.7484301871270665
1032,0.4357735803423168
1033,0.7318014217433816
1034,0.18130713636172957
1035,0.6816328874684571
1036,0.36116386963270686
1037,0.6211709626480778
1038,0.5939602885767585
1039,0.4157105132394273
1040,0.2537142857142857
1041,0.36668796304261614
1042,0.9457514107829273
1043,0.8765227887449802
1044,0.43723072374288435
1045,0.5407142857142857
1046,0.8952160014673832
1047,0.949717816735343
1048,0.4413032531470359
1049,0.3373441218467396
1050,0.9375992170939108
1051,0.2621572062218791
1052,0.41958927519882516
1053,0.9268039723649156
1054,0.7824940334001426
1055,0.8502518428572103
1056,0.9574941299893968
1057,0.15460111270197233
1058,0.8113565531019797
1059,0.19755239191500576
1060,0.40177603083732
1061,0.25067978536808505
1062,0.3733959766934719
1063,0.9168488488896387
1064,0.3038697587435252
1065,0.5451622337490343
1066,0.6687753566061434
1067,0.629380375143955
1068,0.7401485319302026
1069,0.36
1070,0.24408363992332738
1071,0.5
1072,0.872326181400988
1073,0.9864308805791364
1074,0.8946601126472095
1075,0.5108916324683151
1076,0.6952226611152755
1077,0.9127218287544391
1078,0.36
1079,0.8097480300083906
1080,0.8634844604637396
1081,0.45523854591411733
1082,0.5286106982094262
1083,0.6028281334286563
1084,0.7637492235523967
1085,0.1765162571593007
1086,0.4715384615384615
1087,0.21226618512412285
1088,0.9967217885643084
1089,0.8910002749445032
1090,0.29320638130875376
1091,0.6697311364234214
1092,0.9590826018825367
1093,0.8805203420242249
1094,0.9279362400375057
1095,0.9547144201591011
1096,0.5002645516724147
1097,0.7851172054511649
1098,0.39780937161011776
1099,0.3162265714260266
1100,0.99412326007326
1101,0.023479196556671453
1102,0.6949978788073055
1103,0.8925899773895335
1104,0.5443497542118689
1105,0.3957676908581434
1106,0.9238769908278663
1107,0.36628211155215384
1108,0.26786852688549795
1109,0.09641330004603821
1110,0.7844466479657174
1111,0.14952521780271655
1112,0.8263074114662063
1113,0.7792967315805072
1114,0.17514694057769933
1115,0.7795180710685611
1116,0.06659744193785236
1117,0.7753809523809524
1118,0.10158758922546923
1119,0.19351933185265083
1120,0.23048319933391187
1121,0.7378633922703137
1122,0.29450896405357035
1123,0.5828506493506493
1124,0.36989162438565953
1125,0.2087830450202237
1126,0.9540594581368051
1127,0.18283986533812238
1128,0.768007293245646
1129,0.2332142857142857
1130,0.07583460711792372
1131,0.18997667411410057
1132,0.5639916759156494
1133,0.910410351018299
1134,0.7555254772156395
1135,0.26125
1136,0.21328656478075597
1137,0.5933873802896135
1138,0.48794128643821844
1139,0.66
1140,0.44155834121698523
1141,0.4903311926479159
1142,0.3704105986048865
1143,0.35179487179487173
1144,0.6314839478552073
1145,0.5550817111234777
1146,0.980097842661139
1147,0.7910677061522017
1148,0.17670777831708415
1149,0.7148561573706315
1150,0.945949396621112
1151,0.6733464465573897
1152,0.5911292302028869
1153,0.34963290666985286
1154,0.7873403604474905
1155,0.8653226625235624
1156,0.7136005561691877
1157,0.017089289952509933
1158,0.2261896173185852
1159,0.02611132637458566
1160,0.7700856519452387
1161,0.43015737554963224
1162,0.6699233029679695
1163,0.8852526751675471
1164,0.2543618828879368
1165,0.7905985687746155
1166,0.2597708291076205
1167,0.8866424353617371
1168,0.10410335015401724
1169,0.9113847380825538
1170,0.10234502821771431
1171,0.908221819362423
1172,0.664348305414634
1173,0.21199280844928708
1174,0.5487809910064133
1175,0.9584086228624236
1176,0.07102942337443709
1177,0.537882107994915
1178,0.6283334102898265
1179,0.3718776608587256
1180,0.22488021395539487
1181,0.8876623538292882
1182,0.8724973730330399
1183,0.8717101575790509
1184,0.2320237226961802
1185,0.7444609473952372
1186,0.3254107007864116
1187,0.41489194942971913
1188,0.2054084963019789
1189,0.9538250152598543
1190,0.3235243099319169
1191,0.2088640791930626
1192,0.5030102667595409
1193,0.8917666101598818
1194,0.26604763435275885
1195,0.6847058141575638
1196,0.1261880761410801
1197,0.9552039259132767
1198,0.9648626364785494
1199,0.9735425219941349
1200,0.4085230750469351
1201,0.9087802524600906
1202,0.6481927527064514
1203,0.8527057234771661
1204,0.4617732711641535
1205,0.32905636522813886
1206,0.8366536065681603
1207,0.5054686628340597
1208,0.7672814426231579
1209,0.06869236757728048
1210,0.9017166455554972
1211,0.16364199009302743
1212,0.651736486225157
1213,0.12330394121155157
1214,0.49635140986242
1215,0.7207512481849521
1216,0.6843077775503338
1217,0.2852613394189949
1218,0.7056356250976044
1219,0.5545467414994465
1220,0.39737261906169635
1221,0.5792182782024641
1222,0.8915016509502258
1223,0.445112053875964
1224,0.3971345532709965
1225,0.7699270000731321
1226,0.2
1227,0.9321014616523468
1228,0.7543017153022386
1229,0.9016128189272997
1230,0.5733754204133986
1231,0.750065789181225
1232,0.7416597894207162
1233,0.8874519029223734
1234,0.4280813159005393
1235,0.3957858672239803
1236,0.5929093471514392
1237,0.20137836627497532
1238,0.768728603251581
1239,0.7206378434547088
1240,0.1865909947868314
1241,0.9392916205344691
1242,0.20174628431305686
1243,0.08677499801628535
1244,0.08180810903105823
1245,0.5734360896025246
1246,0.2679323579413671
1247,0.09283226222238611
1248,0.15010817241019814
1249,0.8178119551681194
1250,0.7830587447668461
1251,0.2725622393402416
1252,0.4793396226415094
1253,0.648838007509688
1254,0.320680390969774
1255,0.5409824993647513
1256,0.19913043478260867
1257,0.56053107317001
1258,0.6751624146345864
1259,0.8194976504402987
1260,0.8627168141603774
1261,0.9111747100130095
1262,0.9508213309853761
1263,0.5238838137405394
1264,0.5717838048478256
1265,0.9518563037793271
1266,0.8168689017534725
1267,0.9080646960477834
1268,0.7637794128090245
1269,0.19376926526733418
1270,0.31220212983229145
1271,0.3399494078317191
1272,0.9085804788867514
1273,0.8417959303923997
1274,0.7418774208247894
1275,0.7238603682904418
1276,0.44183436171107165
1277,0.9219415223149656
1278,0.8491557302080563
1279,0.8811494440298955
1280,0.7772294372294373
1281,0.907826446428921
1282,0.8180862928236364
1283,0.7812812521330056
1284,0.18002625364728198
1285,0.5749054609157482
1286,0.6012165454389955
1287,0.41825836208188216
1288,0.41232619486185657
1289,0.688719322028797
1290,0.8430346320260058
1291,0.9024569926031214
1292,0.34910554947439043
1293,0.13780982712210121
1294,0.8042637312234835
1295,0.807167141693893
1296,0.2852753316809726
1297,0.08726096266824354
1298,0.7527272727272727
1299,0.8844910353019786
1300,0.24508923956603085
1301,0.3609361234717412
1302,0.17879225138009125
1303,0.7590506690185511
1304,0.5397219502266235
1305,0.3516328584910632
1306,0.7802609924584217
1307,0.8726124414654899
1308,0.616895213653354
1309,0.7534091296325939
1310,0.8353926747058652
1311,0.7516636460536453
1312,0.8371677215189873
1313,0.36132982272148495
1314,0.8259303231460494
1315,0.35703127730163586
1316,0.8369658564696115
1317,0.6072951101406527
1318,0.11989831894745481
1319,0.12279230999344032
1320,0.28932103382365165
1321,0.6319324704244902
1322,0.33563374128345147
1323,0.12832991194718704
1324,0.7890231250015333
1325,0.47170430239876354
1326,0.7896365734431058
1327,0.5983524153521057
1328,0.12158926688786366
1329,0.350313344583762
1330,0.8234255523037416
1331,0.42670237066374506
1332,0.4232995955127589
1333,0.9110650417282138
1334,0.6006911324556572
1335,0.6929719808698286
1336,0.6385102154498571
1337,0.3644076869336877
1338,0.2840024049552357
1339,0.7730511133619176
1340,0.17939103602419304
1341,0.9133844089720848
1342,0.9901470196450676
1343,0.9314324257407098
1344,0.8047689275746752
1345,0.856260679709975
1346,0.9857860214972064
1347,0.31599747474747475
1348,0.9889573767057119
1349,0.766538516022745
1350,0.9060966533183258
1351,0.9375656128542477
1352,0.2519208402267889
1353,0.6200210257308161
1354,0.9714738570260865
1355,0.8279012879883987
1356,0.28389597538430333
1357,0.5327269630386646
1358,0.24085
1359,0.24919962321498876
1360,0.7794859594697954
1361,0.9549170896782454
1362,0.5259923798043503
1363,0.4815621045621046
1364,0.7419990785993836
1365,0.8193617886178862
1366,0.8775455496101958
1367,0.8920450433513826
1368,0.5931578947368421
1369,0.9487610540894592
1370,0.5096795397584871
1371,0.8275361829726131
1372,0.5121881360997579
1373,0.9842599617693415
1374,0.03010528257684829
1375,0.43925
1376,0.5340765653066113
1377,0.9624880223305421
1378,0.6718012184622972
1379,0.28918511059504787
1380,0.34
1381,0.7976597241883066
1382,0.4964319677428211
1383,0.6738431597388118
1384,0.48943232562039335
1385,0.17152297849191567
1386,0.5539209581655387
1387,0.8775022735068887
1388,0.6494540705428491
1389,0.16285444959118023
1390,0.6923215441338396
1391,0.5680691334535328
1392,0.5156634662871994
1393,0.7999469769836156
1394,0.8771756828735776
1395,0.6772713968957871
1396,0.3210605423987776
1397,0.4276078556852517
1398,0.1411430578155469
1399,0.30812726391037976
1400,0.398838413610612
1401,0.6816231982284628
1402,0.8869505553270258
1403,0.8708778423042617
1404,0.300129159475738
1405,0.12343123769682134
1406,0.8551448379826705
1407,0.12528870120360006
1408,0.9008863923034345
1409,0.7276421346745736
1410,0.502961731635966
1411,0.3328579647120103
1412,0.3363160430137244
1413,0.648489620197845
1414,0.7436756992541368
1415,0.6337489021407331
1416,0.2763506375803655
1417,0.36967504391556
1418,0.6834655189336262
1419,0.41866969696969697
1420,0.8392210223317506
1421,0.1356228828021952
1422,0.8004978608714819
1423,0.8112748033640039
1424,0.32398072313531634
1425,0.5797643459505804
1426,0.4872986199562698
1427,0.09217637886925671
1428,0.08932145964066215
1429,0.2896296296296296
1430,0.7119980512647203
1431,0.5789032103113806
1432,0.5036260458524089
1433,0.10087912087912088
1434,0.3996886636218319
1435,0.47655270935960586
1436,0.35021236306729264
1437,0.25265177658306676
1438,0.9591097554495878
1439,0.14689329858637623
1440,0.8496815471688259
1441,0.7893038215355074
1442,0.38020390317028485
1443,0.43165304614085104
1444,0.2809701289599103
1445,0.1804981916650916
1446,0.39949806815812394
1447,0.14058595817390732
1448,0.27901039187688403
1449,0.763900941714493
1450,0.5782251461988303
1451,0.7587157591216591
1452,0.4318194842673786
1453,0.4361514320781913
1454,0.41450037568897813
1455,0.5258230863650577
1456,0.738882882723938
1457,0.8532546811984402
1458,0.4955609987357775
1459,0.5458258228621236
1460,0.40145879432624115
1461,0.31747260751298323
1462,0.7308080737093043
1463,0.6516017369292026
1464,0.8063445198838811
1465,0.9358953471680783
1466,0.4750920914377626
1467,0.9149739005873505
1468,0.29876308068691787
1469,0.514723302400699
1470,0.93100726430763
1471,0.7971887999860441
1472,0.46831236542372956
1473,0.6455652530630799
1474,0.26137445887445887
1475,0.1817412935323383
1476,0.3778055029463797
1477,0.940886234712496
1478,0.33424369747899163
1479,0.4592397170472284
1480,0.7964723774633075
1481,0.09125477791205877
1482,0.19877230991377334
1483,0.7575737985786738
1484,0.6855671374574643
1485,0.32354337475197553
1486,0.10923378909083853
1487,0.2819114441872645
1488,0.3012095024990509
1489,0.29638355649861575
1490,0.7264767507637073
1491,0.7609336046045392
1492,0.3200562160821477
1493,0.7411274946855176
1494,0.500100554264775
1495,0.7010724034056747
1496,0.9648254663033299
1497,0.282997336649228
1498,0.9073397269208968
1499,0.2196223139412998
1500,0.6926075071581961
1501,0.21918228726939198
1502,0.23331858559743765
1503,0.5253819180923891
1504,0.47430095128496247
1505,0.5806974309759199
1506,0.07641030458910673
1507,0.2131918591438976
1508,0.8500835426090585
1509,0.7976181957011669
1510,0.43341916389281676
1511,0.8474304561716139
1512,0.5582064658054828
1513,0.9039060451713767
1514,0.5792328350381272
1515,0.09456531450423734
1516,0.06237961882619424
1517,0.16698034661818653
1518,0.6303846939659583
1519,0.5765103309120259
1520,0.15298952312012307
1521,0.2920832978347941
1522,0.8917818895571155
1523,0.24993658001937946
1524,0.03894691550056167
1525,0.913339314711111
1526,0.020944901438339755
1527,0.5733030283286754
1528,0.5869986117690488
1529,0.9141051153037396
1530,0.3775297355517988
1531,0.41030240847808913
1532,0.7107526881720431
1533,0.6618510198735262
1534,0.29114411764705883
1535,0.8133333333333332
1536,0.49753558627752176
1537,0.17122504911296993
1538,0.2834896073017334
1539,0.8590037831021438
1540,0.8997905716330914
1541,0.5312361326074828
1542,0.7431884511964816
1543,0.10430278287647489
1544,0.696963280392848
1545,0.7558490097793502
1546,0.8898679335233866
1547,0.6531683712250372
1548,0.7631654909903735
1549,0.7401153099321718
1550,0.5833335180933559
1551,0.883382873278181
1552,0.7413386581827686
1553,0.7927540379327239
1554,0.8166085979698765
1555,0.789391213409785
1556,0.8172389060431563
1557,0.5084447353112275
1558,0.8047293918341966
1559,0.6108269163376161
1560,0.9777378807255381
1561,0.5163027224407819
1562,0.40801886792452835
1563,0.08325374168186915
1564,0.3063477160872062
1565,0.6277822636270968
1566,0.33502604395735247
1567,0.8092133529405154
1568,0.3616
1569,0.8684064160525437
1570,0.7363424054154045
1571,0.9687817854230221
1572,0.5767613118656517
1573,0.9732249553741142
1574,0.41363356570647136
1575,0.06557335755534155
1576,0.8434095663779879
1577,0.879247444222498
1578,0.8381268617533472
1579,0.8156271118765537
1580,0.6389615053493256
1581,0.7915600870105495
1582,0.5252882293773742
1583,0.7939362400325193
1584,0.9869960979704407
1585,0.5320113068975207
1586,0.18281534954407294
1587,0.9477571035476466
1588,0.7591474699350157
1589,0.30629639699590605
1590,0.10215012027846576
1591,0.10992979339019276
1592,0.7308643005189057
1593,0.9268321904340737
1594,0.19164070628266572
1595,0.7649678021254109
1596,0.7328399736840444
1597,0.5567511627765326
1598,0.7633938545894959
1599,0.6008008413079898
1600,0.4605911523900969
1601,0.7174308193080385
1602,0.37472555781050026
1603,0.23827837287392828
1604,0.7136955378815845
1605,0.1279492667598413
1606,0.28478268464150075
1607,0.7461462738258204
1608,0.2003733924147779
1609,0.68425
1610,0.8378984137934207
1611,0.8111846427812285
1612,0.7521163938800925
1613,0.9427650828260703
1614,0.31434790223629144
1615,0.5616244058223472
1616,0.28902730019249806
1617,0.2609592177814832
1618,0.5704646529730024
1619,0.8584770902921857
1620,0.9563415052609304
1621,0.2865946314532532
1622,0.7610298335467348
1623,0.6620795763621217
1624,0.8484689294988786
1625,0.8334130626310351
1626,0.22957995015617738
1627,0.0806321778306194
1628,0.3515370574915129
1629,0.3763813008032787
1630,0.1105476188664577
1631,0.6627867405281117
1632,0.5191623036649214
1633,0.8580446148811621
1634,0.3879583053336214
1635,0.3922748932556068
1636,0.28122197218725353
1637,0.8140178128476947
1638,0.7318182741827554
1639,0.28466483516483515
1640,0.7534391534391535
1641,0.4577192274880478
1642,0.858838696257496
1643,0.6844385230708818
1644,0.2762552933035367
1645,0.9881348079761395
1646,0.36064798802837217
1647,0.9457553084400326
1648,0.7782502532508605
1649,0.5813793103448276
1650,0.3902316077787782
1651,0.9357731092436975
1652,0.8964410989257692
1653,0.5676980434636459
1654,0.5851427858701472
1655,0.2547005930092282
1656,0.6975157795381657
1657,0.5963771298713805
1658,0.969542521994135
1659,0.34938943001443
1660,0.7675864886055069
1661,0.26739587008163856
1662,0.19154765067531676
1663,0.32312429633435913
1664,0.7727240708572986
1665,0.5045614653883912
1666,0.40018208492585017
1667,0.6225664357168806
1668,0.3743302063211141
1669,0.8878579888712029
1670,0.6127713717621786
1671,0.26780097334798897
1672,0.9615662519169981
1673,0.31222222222222223
1674,0.2448325772320307
1675,0.7510175972204953
1676,0.8127935573168734
1677,0.11501832110042519
1678,0.8023167698503795
1679,0.3715050657704873
1680,0.6552605737572024
1681,0.7949782231972136
1682,0.35116753090556385
1683,0.9478862422760668
1684,0.5484493560815121
1685,0.866512202844816
1686,0.39822344378817914
1687,0.7910625808748426
1688,0.4515256885021558
1689,0.4199806696973847
1690,0.7279365507638752
1691,0.4958259238228058
1692,0.20614221713842557
1693,0.3520091324285547
1694,0.6459597006373784
1695,0.6338685394268652
1696,0.22358574854057753
1697,0.9206941754633223
1698,0.14047958955874315
1699,0.08374916255191991
1700,0.2571391801943726
1701,0.7291388764210631
1702,0.923325122415571
1703,0.3156115248333649
1704,0.688598901098901
1705,0.3550814393939394
1706,0.35600000000000004
1707,0.5482246950212964
1708,0.08169088415931515
1709,0.6501249893383968
1710,0.3932305715523052
1711,0.29233000926044705
1712,0.5592404211416109
1713,0.10320557727730643
1714,0.15112907221602873
1715,0.30997681548215206
1716,0.05917726548206658
1717,0.4679301977955816
1718,0.977346837508408
1719,0.9887383627125561
1720,0.5642467672690489
1721,0.12900344797592792
1722,0.19914363704907992
1723,0.4275102219857987
1724,0.5071261248947047
1725,0.42100179302731094
1726,0.9028752993422046
1727,0.9314901832060991
1728,0.5226653226686723
1729,0.9655145764356962
1730,0.6402654515052438
1731,0.43449827197845964
1732,0.3361721430278882
1733,0.7988550864832098
1734,0.8018537382414352
1735,0.6228411216892745
1736,0.9635403404172104
1737,0.20865970717989624
1738,0.8787872469802964
1739,0.7522763347763347
1740,0.9890886783651354
1741,0.7663325087039925
1742,0.7030526644579841
1743,0.6795951704742832
1744,0.48840279778441853
1745,0.165805759611804
1746,0.3809836377473364
1747,0.17176543562527896
1748,0.8559244334152788
1749,0.9253722733313083
1750,0.30889715021268815
1751,0.7871931662847722
1752,0.8047768512875156
1753,0.24
1754,0.2038088510214543
1755,0.1652217074878732
1756,0.9357650016717145
1757,0.46846643796171444
1758,0.17001492172413063
1759,0.5039740665118813
1760,0.8173516751111883
1761,0.8263009315917129
1762,0.8999189691935817
1763,0.36
1764,0.40934613846300144
1765,0.8582379967864704
1766,0.851876780169519
1767,0.76
1768,0.6847940874692935
1769,0.9588022401232774
1770,0.7523521504919867
1771,0.7275464911864858
1772,0.9428745675308279
1773,0.8009630698749126
1774,0.43104358181335556
1775,0.33193781636607994
1776,0.8582542512166081
1777,0.07576202199252711
1778,0.8222972705680811
1779,0.11901597565688632
1780,0.425406734967026
1781,0.7790925147979303
1782,0.7186846806612267
1783,0.3309341624264689
1784,0.6590554975475732
1785,0.4019977579339367
1786,0.00902747878009977
1787,0.5995943514317008
1788,0.4323548295727104
1789,0.3099251931470485
1790,0.36719408659475106
1791,0.3545137256922971
1792,0.7579180771570005
1793,0.930866807616669
1794,0.23080769230769232
1795,0.15290046749882297
1796,0.7682887155697021
1797,0.4971923076923077
1798,0.5211672325976231
1799,0.6758646610266041
1800,0.22899083894828576
1801,0.9379063052927709
1802,0.27953518778049824
1803,0.17173539341680935
1804,0.45403355729837147
1805,0.8141265694678402
1806,0.6507665827631816
1807,0.6565194567844955
1808,0.22962962962962963
1809,0.840257693772616
1810,0.812081267628381
1811,0.9442447962062106
1812,0.41932912417961915
1813,0.7537861865131833
1814,0.557966960390911
1815,0.8721405060858618
1816,0.19477110800517178
1817,0.8932563746544935
1818,0.3799063682625824
1819,0.5243352361506127
1820,0.43903356422447976
1821,0.4378234340159198
1822,0.38101146186561796
1823,0.9199690558993541
1824,0.9943867866479423
1825,0.9787357263972969
1826,0.7332827120724038
1827,0.5008953900274524
1828,0.9247868115006633
1829,0.6788698277720252
1830,0.8436516724917861
1831,0.5611536381694878
1832,0.16738562108425348
1833,0.423320438492252
1834,0.734151802211848
1835,0.6394515514483965
1836,0.5951485318325122
1837,0.3818010275521651
1838,0.1975410614768424
1839,0.9128902192432676
1840,0.6606398406739871
1841,0.15255195868403
1842,0.712448712600376
1843,0.7322259255362704
1844,0.31201200159403997
1845,0.6722585714278553
1846,0.32565546652881877
1847,0.8218757053276141
1848,0.5233661297890753
1849,0.511722848707451
1850,0.5514359903381643
1851,0.9317668599064127
1852,0.16358447662098763
1853,0.8179435246151262
1854,0.8737251082251083
1855,0.7065764087708736
1856,0.97971224473673
1857,0.2570855385538554
1858,0.16476360959472572
1859,0.292040137976757
1860,0.9119774686267768
1861,0.5126042674208393
1862,0.32733652657303586
1863,0.7389473447958618
1864,0.9415908268722398
1865,0.46925199557689923
1866,0.7728679571129428
1867,0.8351925761457912
1868,0.774716595571048
1869,0.862351139057851
1870,0.45990665569100675
1871,0.8479948357064925
1872,0.8539416702569284
1873,0.5241505795893867
1874,0.2174453300664817
1875,0.3380679823185801
1876,0.5776190476190476
1877,0.09485315184129693
1878,0.35177283096425427
1879,0.6447833242109104
1880,0.7879823802646806
1881,0.44
1882,0.22002512864332405
1883,0.5789184527616825
1884,0.1670297375607171
1885,0.9040929785635832
1886,0.30318594246486846
1887,0.7280551343594367
1888,0.9314511690485205
1889,0.9033484119753876
1890,0.1809570774342957
1891,0.7226643300385899
1892,0.38386584900556336
1893,0.6471604827968791
1894,0.3702662509448224
1895,0.6182891540013525
1896,0.826080180068677
1897,0.8723630120509361
1898,0.597508030556874
1899,0.8163434104953653
1900,0.2847044679153789
1901,0.7440152759274474
1902,0.8948446474640877
1903,0.5931311958624221
1904,0.07537926573560205
1905,0.3062014107968769
1906,0.1051870328048812
1907,0.47912087912087914
1908,0.19235580017629095
1909,0.8607695358084291
1910,0.34890677070265474
1911,0.3750920690881603
1912,0.8257101818567384
1913,0.1423988591778116
1914,0.8583813925389934
1915,0.786037922758339
1916,0.3335721948199762
1917,0.2043076941940586
1918,0.29476444415623126
1919,0.6064218141493511
1920,0.26872795154080864
1921,0.903949217139615
1922,0.4242857142857143
1923,0.22517070454841956
1924,0.3686401845709091
1925,0.8404982450911256
1926,0.35070911919309045
1927,0.4688786027259302
1928,0.6943301517239792
1929,0.8760970781363767
1930,0.11201904692752435
1931,0.280427009173944
1932,0.19056480451619262
1933,0.2815063390471105
1934,0.9103868103017674
1935,0.09177597148475047
1936,0.22222926697219922
1937,0.22594382864801865
1938,0.945144255747896
1939,0.5069144821133004
1940,0.6700324794307904
1941,0.8997686420162999
1942,0.9830511575525209
1943,0.6601747533714246
1944,0.28684439460049216
1945,0.2538486207230365
1946,0.2984533302954355
1947,0.4701209404708463
1948,0.5985928480204342
1949,0.12977353661561755
1950,0.5392915296324596
1951,0.8183165988051532
1952,0.2553542503472478
1953,0.981923927237166
1954,0.5208791208791209
1955,0.7461329641788549
1956,0.3330952380952381
1957,0.33733840065005494
1958,0.1804834549377994
1959,0.70363678377686
1960,0.4708091980967319
1961,0.1715505902635629
1962,0.22510644230651577
1963,0.2261580121775244
1964,0.4719868475122885
1965,0.5578340703451002
1966,0.33828662298067785
1967,0.7949207598025093
1968,0.3476392884903949
1969,0.8546404588627624
1970,0.41244196177257303
1971,0.5958425837609964
1972,0.7910677061522017
1973,0.9165969148222669
1974,0.500135844037243
1975,0.7519968982126602
1976,0.6928226243225712
1977,0.3141263755634476
1978,0.7997996179118797
1979,0.04152132479461602
1980,0.7037080910008234
1981,0.8674469572322495
1982,0.2710701979655807
1983,0.45409046145803955
1984,0.23166925423961485
1985,0.38740896202844793
1986,0.9594509135101299
1987,0.4114754805584368
1988,0.49223970473970474
1989,0.9675628852487488
1990,0.6393667200718048
1991,0.33420919624986717
1992,0.7857382622297048
1993,0.6557016129032259
1994,0.33071519136438027
1995,0.4473939393939394
1996,0.8902694525270308
1997,0.9170936851282829
1998,0.9489139798338432
1999,0.44
2000,0.5012331660254219
2001,0.43100250626566416
2002,0.9857860214972064
2003,0.43779916138807196
2004,0.8653143834533154
2005,0.731429881085763
2006,0.42459622439864575
2007,0.11452808650556387
2008,0.9728447774065668
2009,0.15148952808615482
2010,0.24214285714285716
2011,0.3272027972027972
2012,0.7267708503524384
2013,0.6639266312919484
2014,0.5186622073578595
2015,0.8707665953058324
2016,0.882580159474052
2017,0.3429729209002643
2018,0.345
2019,0.7188875
2020,0.8166530464236678
2021,0.32288196501452937
2022,0.753590741088082
2023,0.6831803598692987
2024,0.4763087476679585
2025,0.4712804033038119
2026,0.18
2027,0.1620810352860193
2028,0.34546708602355625
2029,0.11854435518978568
2030,0.841687151939631
2031,0.3952792599805258
2032,0.7989419203692539
2033,0.4745761652842797
2034,0.2054506072438668
2035,0.622092207305771
2036,0.8539750225262128
2037,0.07616238983795592
2038,0.482972972972973
2039,0.8483559683808329
2040,0.6356647897628109
2041,0.49587056520326506
2042,0.3833041115017329
2043,0.5195880764366883
2044,0.3590814393939394
2045,0.41064803736482136
2046,0.43396758944162556
2047,0.9296583156964024
2048,0.9535304404199649
2049,0.2771212121212121
2050,0.21876876863639866
2051,0.4028419848969746
2052,0.9514019182372816
2053,0.6832749048337283
2054,0.40778843782561663
2055,0.754724390783349
2056,0.5337157987643424
2057,0.7687843972613139
2058,0.6646480228697019
2059,0.4538574440143798
2060,0.46324875396392184
2061,0.522668041567905
2062,0.9797508222481349
2063,0.6485379941645545
2064,0.06502478093782442
2065,0.10496949235920466
2066,0.44
2067,0.4895690683018225
2068,0.4714518446370578
2069,0.5980680300975504
2070,0.8826751076597981
2071,0.2180442598023243
2072,0.34
2073,0.6179311648758313
2074,0.9815999749855784
2075,0.1739214271966684
2076,0.8467170101368734
2077,0.3109530624814042
2078,0.8770165331974024
2079,0.9228572527318464
2080,0.8094359713894201
2081,0.9504637058212586
2082,0.4693697036859706
2083,0.5215758165032852
2084,0.9288828020904789
2085,0.2750947022675897
2086,0.38612598369904183
2087,0.2302927070816585
2088,0.3719140312985159
2089,0.5231242469177121
2090,0.18079201854198804
2091,0.3958939821788226
2092,0.7568596234592474
2093,0.32542052905220437
2094,0.6713803687660674
2095,0.5476705334598352
2096,0.5259795887266301
2097,0.9628889107829273
2098,0.8432623932114696
2099,0.8841477178155114
2100,0.9286134834077636
2101,0.4953284723134985
2102,0.17553398058252426
2103,0.5004057558118112
2104,0.5190304001857393
2105,0.7796476281760545
2106,0.3264978142805395
2107,0.6249745873581437
2108,0.8862555696671721
2109,0.6996357232877418
2110,0.38571809057227713
2111,0.5294477327329357
2112,0.22518127483272887
2113,0.7629886839100215
2114,0.3729388261347686
2115,0.28713035939285647
2116,0.36318850659765917
2117,0.7830382106865553
2118,0.21276189190619113
2119,0.282788865527971
2120,0.7762926377505509
2121,0.8789982980764808
2122,0.7995277452170061
2123,0.6164636210953914
2124,0.27182153714682356
2125,0.7786787239310844
2126,0.1656111582226243
2127,0.8639668396256299
2128,0.5201138357023016
2129,0.9805350383482773
2130,0.23701079834185879
2131,0.7195078550433881
2132,0.33306045122751515
2133,0.46085106382978724
2134,0.6940656394540836
2135,0.5097894987507557
2136,0.2381411927196353
2137,0.6607308243727599
2138,0.9196611743672719
2139,0.7200818104598045
2140,0.22984939919218775
2141,0.10510660449748688
2142,0.5604837473160353
2143,0.4096127532043841
2144,0.3025716349253583
2145,0.3422000428141773
2146,0.9195349571952711
2147,0.8521608018733093
2148,0.6427417764470087
2149,0.2706092702707928
2150,0.4235811688311688
2151,0.3495672285123755
2152,0.31303634956982757
2153,0.34881142166680623
2154,0.6885346693808231
2155,0.7509742138209827
2156,0.07940228308686911
2157,0.3084783998768205
2158,0.6442987861811392
2159,0.6202713999222023
2160,0.9505412601874674
2161,0.92
2162,0.8812254159133264
2163,0.717601582293566
2164,0.8839217265540404
2165,0.6363418413647541
2166,0.6344436495600098
2167,0.8134455329466809
2168,0.1724357073127016
2169,0.10316480088501916
2170,0.6335016241814562
2171,0.6237762969329806
2172,0.8176225836201272
2173,0.32103091592315736
2174,0.07290538527540749
2175,0.0681062658476845
2176,0.7575928136090591
2177,0.30317442719881743
2178,0.37592516812211146
2179,0.7215671593079661
2180,0.77126076007326
2181,0.7192316013735368
2182,0.366
2183,0.5399077552144703
2184,0.21344809938823336
2185,0.3069196072941562
2186,0.19320645403211434
2187,0.23963023686273172
2188,0.9886243051080615
2189,0.1864402683074595
2190,0.42698636217783786
2191,0.2554850628855761
2192,0.41733110900639003
2193,0.786588785415704
2194,0.3054054873156061
2195,0.24019936205464723
2196,0.48363574515814195
2197,0.32288103351901215
2198,0.24129860227666153
2199,0.8379564441832773
2200,0.7238742459116638
2201,0.8142547079329688
2202,0.9002838571864793
2203,0.2406605849017752
2204,0.5857031478093739
2205,0.21930260907739466
2206,0.37271461208061013
2207,0.6741192621046943
2208,0.9627374972619827
2209,0.22143164058829232
2210,0.28597814476509087
2211,0.7374422860735081
2212,0.5895254643372261
2213,0.8552577573326648
2214,0.5327682796963746
2215,0.8869342722386229
2216,0.495243522637989
2217,0.7765115113034146
2218,0.38724417067617073
2219,0.7833093654249474
2220,0.9081147569514377
2221,0.2567790675899388
2222,0.8145566690885597
2223,0.9489451215573524
2224,0.10366468434585212
2225,0.22893249118809475
2226,0.5236130708728072
2227,0.47179599683776346
2228,0.6968266570386841
2229,0.10129464369148929
2230,0.7556832142767627
2231,0.6396938142113247
2232,0.06077871283199128
2233,0.9466757549453958
2234,0.20324219723161097
2235,0.0416
2236,0.08892642364835134
2237,0.11279091014586948
2238,0.4061656183403068
2239,0.9373416775167935
2240,0.3069558691438921
2241,0.8846117734858475
2242,0.9571609209366274
2243,0.39069690758691633
2244,0.9811648689363074
2245,0.7853485850964467
2246,0.38109829896131264
2247,0.5619876983090945
2248,0.46292105877955336
2249,0.773247450716736
2250,0.532289514782715
2251,0.3346383161403948
2252,0.06361172583646604
2253,0.23223947293821542
2254,0.7332411238044649
2255,0.716320478255774
2256,0.4579717183316555
2257,0.10559919658040544
2258,0.6024508707713043
2259,0.7401260259696564
2260,0.7315044041746667
2261,0.9246565804987987
2262,0.16197118177933034
2263,0.2420001155592481
2264,0.3851636327748161
2265,0.8361245810380047
2266,0.9638550264550265
2267,0.6295939237759393
2268,0.4859311017766748
2269,0.20294503954059498
2270,0.3536281279695913
2271,0.8993716134738768
2272,0.41916230366492147
2273,0.5384244680763117
2274,0.5144671959603042
2275,0.604164830748549
2276,0.7683970545070871
2277,0.20373757313053278
2278,0.4790348595363684
2279,0.30007547490327297
2280,0.19891030991962416
2281,0.2972950645173249
2282,0.27876830848243533
2283,0.16612412345159733
2284,0.3736490715759407
2285,0.37660043502551305
2286,0.5643007777316433
2287,0.28552709090509487
2288,0.871171641185642
2289,0.7965177306879894
2290,0.7349891336945139
2291,0.9447759175131891
2292,0.32957719427777243
2293,0.9861839954971258
2294,0.7858745393659943
2295,0.6315710674547383
2296,0.12742484471650514
2297,0.3722229115524216
2298,0.6571849902849185
2299,0.5025095347399045
2300,0.9887328879725511
2301,0.15104765764642378
2302,0.9316600605131089
2303,0.7398022770929937
2304,0.6999836496271132
2305,0.5630975275314007
2306,0.6415771410025758
2307,0.6502691180389022
2308,0.23382508567512073
2309,0.9361310099535498
2310,0.806376220302403
2311,0.2858937842610963
2312,0.6247806459651087
2313,0.9237615988167498
2314,0.9569047993705744
2315,0.282935759238195
2316,0.6359233239320278
2317,0.07425794919962105
2318,0.5284940195516625
2319,0.8186437355635645
2320,0.5173865525369282
2321,0.6667516085028958
2322,0.6737096708312148
2323,0.29393949134623454
2324,0.9608079241082436
2325,0.20204545454545453
2326,0.46727331249377685
2327,0.842065513142616
2328,0.7720721227360674
2329,0.2210370500570834
2330,0.47436500284112415
2331,0.47916230366492146
2332,0.21997303766137438
2333,0.7859039511818365
2334,0.44
2335,0.5959702030788472
2336,0.9169892316314444
2337,0.3534600830545213
2338,0.7159915713416055
2339,0.1840329975843292
2340,0.8582453731875915
2341,0.8071181510197379
2342,0.8479384796226309
2343,0.9875806969845393
2344,0.5994145759300641
2345,0.8433517612586072
2346,0.6336552781680692
2347,0.6252535373853145
2348,0.45553118690872024
2349,0.35337675412210606
2350,0.15506096520914997
2351,0.7174293785310735
2352,0.3946079188224384
2353,0.26946607619256036
2354,0.33134873532183706
2355,0.22313544234370875
2356,0.18665323435843054
2357,0.7913765056362039
2358,0.5181292320462034
2359,0.9483643718166606
2360,0.7177018208464722
2361,0.8659737917377496
2362,0.2852734970500675
2363,0.7825299408434767
2364,0.0954707347405747
2365,0.3466851542792327
2366,0.8803413299127175
2367,0.7199253112511542
2368,0.4236980817504027
2369,0.9043354344106178
2370,0.9016525491303795
2371,0.5877655509593168
2372,0.815106060998342
2373,0.17468743560800373
2374,0.3885222222222222
2375,0.2848901098901099
2376,0.9194377249561835
2377,0.10914538613795675
2378,0.2272392621355281
2379,0.07309380378638354
2380,0.8682712574545044
2381,0.06932571186001753
2382,0.28794511394208255
2383,0.7886342247954494
2384,0.35646719972018026
2385,0.24450959756911486
2386,0.6365023518234232
2387,0.7501588614294927
2388,0.40505818943497557
2389,0.8525062965949368
2390,0.5966558977187424
2391,0.9024750740644575
2392,0.31145684408035373
2393,0.9763489918366492
2394,0.9426996625421822
2395,0.22028338582768886
2396,0.7579288322690596
2397,0.08652500169507941
2398,0.03467864741365537
2399,0.6892953188336035
2400,0.7112252192785679
2401,0.5205512964678166
2402,0.6105656987489725
2403,0.4458008658008658
2404,0.7639998147420672
2405,0.708814844464062
2406,0.918467989144214
2407,0.4140324463964028
2408,0.8847469604637397
2409,0.8731964261987979
2410,0.6866811954366356
2411,0.9393774768803105
2412,0.3724165560772324
2413,0.7763641977384672
2414,0.23751831026669185
2415,0.3448993062265533
2416,0.5779997655518017
2417,0.6905240160640961
2418,0.6696500868555172
2419,0.09805941446304538
2420,0.1442152571127344
2421,0.11347063397712834
2422,0.48
2423,0.29775282462291985
2424,0.8899177141152531
2425,0.47699763342100815
2426,0.6827445423330464
2427,0.1070001449026961
2428,0.8246295888228344
2429,0.7798542823446744
2430,0.9727662519169981
2431,0.5056834347173398
2432,0.29947314901934
2433,0.39480921454711465
2434,0.3818181818181818
2435,0.23729480507145728
2436,0.8337983911513323
2437,0.1376986878498779
2438,0.21951231293278464
2439,0.8408174361664813
2440,0.861936321699225
2441,0.8525359466462907
2442,0.15241037125265142
2443,0.051456754724082635
2444,0.6987025488184401
2445,0.7626043455135335
2446,0.5378875836076261
2447,0.8948852756519813
2448,0.2749211180068805
2449,0.4017354299626051
2450,0.30623582051440745
2451,0.32371430290838127
2452,0.38959913927400236
2453,0.21725569803009473
2454,0.8192604560524792
2455,0.12222680899689778
2456,0.2182174854992498
2457,0.6715708114697244
2458,0.3351062096466324
2459,0.28701293774757947
2460,0.9295526762983535
2461,0.5491141638688388
2462,0.8901092748506649
2463,0.9420923518043988
2464,0.9133850416791743
2465,0.4568628970707298
2466,0.9796330824462602
2467,0.7120093886827289
2468,0.29647593880490064
2469,0.7463268528133947
2470,0.26027252553713576
2471,0.9541326219512194
2472,0.3681611805474291
2473,0.5221783918192451
2474,0.45533336472644026
2475,0.2750727697961911
2476,0.8369874910887262
2477,0.13558271240731865
2478,0.17849555229373215
2479,0.8875509270582249
2480,0.8010017421364999
2481,0.17587685976458917
2482,0.8585970781363766
2483,0.14593996425513445
2484,0.4114208557821901
2485,0.5031974921630095
2486,0.8863351532013363
2487,0.222815727523288
2488,0.6953983237804131
2489,0.7825299408434767
2490,0.2870597140454163
2491,0.6693729253338597
2492,0.9350870577969863
2493,0.8826846489669192
2494,0.4404053050397878
2495,0.7594666666666666
2496,0.32211524753368054
2497,0.2642966919196384
2498,0.15504632209709102
2499,0.9659410898726106
2500,0.6209171765860968
2501,0.38119441444562396
